valence,arousal,dominance,aqcuisition,valence_label,arousal_label,dominance_label,aqcuisition_label
0.43474966287612915,0.4745194613933563,0.41706517338752747,0.43651461601257324,0.5257142857142857,0.3796296296296296,0.3897058823529412,0.4549153994431369
0.8912058472633362,0.5882886052131653,0.6335874795913696,0.40234777331352234,0.8485714285714285,0.5432098765432098,0.5698529411764706,0.4009423859498833
0.3603375554084778,0.6711406111717224,0.5631492137908936,0.3479567766189575,0.1885714285714285,0.6944444444444444,0.6066176470588235,0.3289783679588789
0.5540686845779419,0.5734000205993652,0.5958480834960938,0.4005226194858551,0.4771428571428571,0.5771604938271605,0.7389705882352942,0.3829513814521316
0.785455584526062,0.6234032511711121,0.6480143070220947,0.24626310169696808,0.8114285714285714,0.5679012345679012,0.5992647058823529,0.2081816234739777
0.5548319220542908,0.5816199779510498,0.5306175351142883,0.5040673017501831,0.2685714285714285,0.7129629629629629,0.4558823529411764,0.5020346969372467
0.18853355944156647,0.5690724849700928,0.5517300963401794,0.44538938999176025,0.1685714285714285,0.5895061728395061,0.7720588235294118,0.3289783679588789
0.5580880641937256,0.44907933473587036,0.568830132484436,0.5559948682785034,0.5685714285714286,0.2222222222222222,0.3787950664136612,0.5604626258299439
0.8637009859085083,0.7561176419258118,0.6572468876838684,0.4028797745704651,0.96,0.8765432098765432,0.7977941176470589,0.3546798029556663
0.5156211853027344,0.29409897327423096,0.4736897051334381,0.3143215477466583,0.5028571428571429,0.2685185185185185,0.4338235294117647,0.3958020989505257
0.3648795187473297,0.5263615846633911,0.588036835193634,0.5836317539215088,0.450344827586207,0.5365662272441936,0.8248269896193764,0.6171200114228618
0.5285326838493347,0.6539841890335083,0.6199180483818054,0.5071564316749573,0.8657142857142858,0.6790123456790124,0.8639705882352942,0.4549153994431369
0.4505135416984558,0.6065318584442139,0.6085782647132874,0.4045272171497345,0.2828571428571428,0.6111111111111112,0.5882352941176471,0.4883272649389606
0.827383279800415,0.5184179544448853,0.8361522555351257,0.35445234179496765,0.9657142857142856,0.2716049382716049,0.7757352941176471,0.3238380809595212
0.42891937494277954,0.3761225938796997,0.49924060702323914,0.3791884183883667,0.4457142857142857,0.3672839506172839,0.4627684407096164,0.5500107089312499
0.27108994126319885,0.6926524639129639,0.6222564578056335,0.5388119220733643,0.3371428571428571,0.7530864197530864,0.6727941176470589,0.5474405654315712
0.4616144895553589,0.5156732797622681,0.5829848051071167,0.3746935725212097,0.3914285714285714,0.5895061728395061,0.6360294117647058,0.2981366459627338
0.5370967984199524,0.4769924283027649,0.7070451974868774,0.8074139356613159,0.731836734693877,0.5897227636993719,0.8131338742393507,0.7499107589062596
0.5785433650016785,0.38094279170036316,0.46031680703163147,0.2038637399673462,0.5885714285714285,0.3580246913580246,0.4044117647058823,0.2364532019704439
0.4415702819824219,0.741950511932373,0.5442811250686646,0.2640024423599243,0.3885714285714285,0.7345679012345679,0.6397058823529411,0.2030413364746201
0.20684996247291565,0.8828354477882385,0.7893253564834595,0.37572571635246277,0.1714285714285714,0.9351851851851852,0.8345588235294118,0.3341186549582358
0.21922671794891357,0.3614391088485718,0.35737258195877075,0.3807365298271179,0.5609523809523804,0.4788989669942044,0.4125469336670846,0.6182266009852235
0.5238560438156128,0.583567202091217,0.3923190236091614,0.3531850278377533,0.5771428571428572,0.5877425044091713,0.4264705882352941,0.2904262154636974
0.4788036346435547,0.6360902190208435,0.5597143769264221,0.47140559554100037,0.5742857142857143,0.6851851851851852,0.6213235294117647,0.4420646819447428
0.7416954636573792,0.5882004499435425,0.5283361077308655,0.26323017477989197,0.9057142857142856,0.7222222222222222,0.6323529411764706,0.1901906189762268
0.8151586055755615,0.5467367172241211,0.7402742505073547,0.6150533556938171,0.8057142857142857,0.3745345874975506,0.6397058823529411,0.5474405654315712
0.6740337014198303,0.4505561590194702,0.49344417452812195,0.24148546159267426,0.7057142857142857,0.4259259259259259,0.4852941176470588,0.172199614478475
0.08322666585445404,0.6348767280578613,0.7807343602180481,0.6508767604827881,0.0714285714285714,0.6820987654320988,0.8529411764705882,0.5243092739344626
0.5402776598930359,0.5401915907859802,0.4351566433906555,0.36829978227615356,0.4,0.6450617283950617,0.3455882352941176,0.4806168344399242
0.305142343044281,0.17320024967193604,0.2959364354610443,0.5044324398040771,0.24,0.2654320987654321,0.0955882352941176,0.5525808524309288
0.8508185148239136,0.6340457797050476,0.6429679989814758,0.30799415707588196,0.9,0.7006172839506173,0.6838235294117647,0.2621546369672313
0.7381064891815186,0.6965409517288208,0.5871655941009521,0.5079312324523926,0.9,0.7870370370370371,0.7205882352941176,0.3932319554508469
0.5413509607315063,0.47113025188446045,0.49117183685302734,0.373318612575531,0.3458986175115209,0.6111111111111112,0.5673436041083105,0.4754765474405666
0.48251575231552124,0.4957498013973236,0.4643547832965851,0.21098995208740234,0.4685714285714286,0.4228395061728395,0.3860294117647059,0.2852859284643398
0.5334873199462891,0.34072381258010864,0.4288173019886017,0.4641070067882538,0.5199546485260764,0.264137793707686,0.4411764705882353,0.5496562063795701
0.8246427178382874,0.6206515431404114,0.6774516105651855,0.636795699596405,0.84,0.7160493827160493,0.7941176470588235,0.562861426429644
0.49238964915275574,0.5463324189186096,0.45403945446014404,0.5197867751121521,0.42,0.6388888888888888,0.5543635486981671,0.4754765474405666
0.4303220212459564,0.43151742219924927,0.40555882453918457,0.3590850234031677,0.2828571428571428,0.3641975308641975,0.3014705882352941,0.344399228956951
0.4060867428779602,0.7120915651321411,0.6035904884338379,0.3614594638347626,0.3714285714285714,0.6723985890652564,0.6323529411764706,0.4369243949453851
0.23518693447113037,0.6881948709487915,0.5889757871627808,0.5106621384620667,0.1742857142857143,0.6697530864197531,0.5992647058823529,0.4857571214392819
0.44135749340057373,0.4716024696826935,0.5017555356025696,0.5287811160087585,0.5132330827067666,0.3417695473251022,0.4317951318458424,0.6376709604381511
0.6080516576766968,0.39290860295295715,0.4458220899105072,0.19749541580677032,0.5457142857142857,0.3580246913580246,0.3933823529411764,0.2158920539730141
0.4500136077404022,0.46676650643348694,0.49543216824531555,0.6216230392456055,0.5721995464852607,0.652937420178799,0.672108673978066,0.5978337361931298
0.33657553791999817,0.667702853679657,0.7150329351425171,0.31534111499786377,0.2780645161290331,0.6820987654320988,0.7089658444022776,0.3612765046048416
0.673750102519989,0.5993682146072388,0.7467226982116699,0.5731006860733032,0.8342857142857143,0.6111111111111112,0.7977941176470589,0.6682373099164738
0.7658694386482239,0.5936126112937927,0.634015679359436,0.21528330445289612,0.7485714285714286,0.7098765432098766,0.7095588235294118,0.2364532019704439
0.3824021816253662,0.6972833871841431,0.7812159657478333,0.3726952075958252,0.1771428571428571,0.8672839506172839,0.9080882352941176,0.4343542514457072
0.8538476228713989,0.540459156036377,0.6506291627883911,0.507427990436554,0.8771428571428571,0.4475308641975308,0.6507352941176471,0.4908974084386387
0.24906928837299347,0.4018154442310333,0.330828458070755,0.4995233714580536,0.3342857142857143,0.3858024691358024,0.3639705882352941,0.501177982437354
0.3117080330848694,0.5944023728370667,0.48115596175193787,0.4402030110359192,0.3714285714285714,0.6419753086419753,0.5294117647058824,0.4446348254444217
0.6063176989555359,0.5872908234596252,0.5431037545204163,0.33764898777008057,0.6228571428571429,0.5802469135802469,0.5330882352941176,0.3623902334547019
0.5721368789672852,0.46659690141677856,0.46296417713165283,0.4921993017196655,0.7142857142857143,0.5030864197530864,0.5036764705882353,0.1362176054829733
0.4113112688064575,0.5994594693183899,0.556132435798645,0.5885544419288635,0.28,0.3395061728395062,0.0294117647058823,0.5191689869351049
0.5236899256706238,0.4494589865207672,0.4207538366317749,0.37666937708854675,0.2819501133786843,0.6234567901234568,0.6360294117647058,0.593703148425789
0.594034731388092,0.5998990535736084,0.5430945754051208,0.2872103452682495,0.5838095238095232,0.6018518518518519,0.4852941176470588,0.2072392375240953
0.6221750974655151,0.47863659262657166,0.4432115852832794,0.43104925751686096,0.6172350230414737,0.3089612601106844,0.3192724458204329,0.6157035767830387
0.43453487753868103,0.6834529638290405,0.5177582502365112,0.36250343918800354,0.3885714285714285,0.6018518518518519,0.4522058823529412,0.4986078389376752
0.42691871523857117,0.5682430267333984,0.43979611992836,0.49111318588256836,0.7457142857142857,0.5308641975308642,0.6066176470588235,0.3932319554508469
0.4757438004016876,0.6214584708213806,0.7488135695457458,0.44357067346572876,0.2914285714285714,0.4598765432098765,0.2205882352941176,0.406082672949241
0.33176684379577637,0.4635068476200104,0.46179482340812683,0.8706985712051392,0.8384331797235017,0.8885902031063327,0.785732714138287,0.8148306798981516
0.5696590542793274,0.3802317976951599,0.5143609046936035,0.307104229927063,0.5285714285714286,0.3703703703703703,0.3933823529411764,0.2750053544656254
0.37994733452796936,0.6019198894500732,0.4233245551586151,0.23906747996807098,0.4085714285714286,0.6512345679012346,0.4742647058823529,0.2184621974726929
0.17703227698802948,0.392864853143692,0.43447959423065186,0.6445543766021729,0.2885714285714286,0.4166666666666667,0.2058823529411764,0.5859927179267526
0.5706192255020142,0.2817625403404236,0.44887852668762207,0.15226738154888153,0.5685714285714286,0.2561728395061728,0.4301470588235294,0.1362176054829733
0.3824276924133301,0.5133576989173889,0.5388906598091125,0.6759498715400696,0.2703401360544219,0.5689300411522628,0.4802631578947365,0.731572989015697
0.6935147047042847,0.8122743368148804,0.8012843132019043,0.576949417591095,0.4142857142857143,0.7420350457984869,0.6024509803921577,0.6234433803506428
0.2275513857603073,0.5175560712814331,0.3887718617916107,0.4832049608230591,0.7522033898305078,0.4901335761991506,0.6142156862745106,0.7419738406658762
0.34210333228111267,0.4909733235836029,0.4058719277381897,0.47906431555747986,0.378341013824885,0.5657946306094459,0.6122881355932213,0.6746626686656689
0.5417673587799072,0.4846685826778412,0.531046450138092,0.4749024212360382,0.4373271889400923,0.3619929453262795,0.4540742526518799,0.4908974084386387
0.5652016997337341,0.41295379400253296,0.4742411971092224,0.35748380422592163,0.56,0.3858024691358024,0.375,0.2415934889698015
0.5940825939178467,0.6687076091766357,0.48334136605262756,0.24787460267543793,0.5742857142857143,0.7129629629629629,0.5514705882352942,0.2287427714714075
0.8736328482627869,0.7860121726989746,0.7616985440254211,0.5252912640571594,0.8028571428571428,0.8796296296296297,0.7977941176470589,0.5191689869351049
0.31206461787223816,0.37965384125709534,0.4571351408958435,0.28989318013191223,0.2685714285714285,0.3611111111111111,0.3602941176470588,0.3032769329620907
0.5155043005943298,0.49792468547821045,0.48879432678222656,0.4655565917491913,0.56,0.4691358024691358,0.4669117647058823,0.4857571214392819
0.7442144751548767,0.6270113587379456,0.6161641478538513,0.3810189962387085,0.7285714285714285,0.8260337056633362,0.7095588235294118,0.5500107089312499
0.524492084980011,0.4622507095336914,0.5438910126686096,0.30296942591667175,0.5457142857142857,0.4783950617283951,0.5551470588235294,0.282715784964661
0.6046941876411438,0.4297929108142853,0.3131888210773468,0.30482399463653564,0.5542857142857143,0.4753086419753086,0.4522058823529412,0.4549153994431369
0.33858534693717957,0.5042177438735962,0.38884732127189636,0.7128167152404785,0.6,0.7160493827160493,0.75,0.786463910901693
0.35911139845848083,0.6882346868515015,0.6482817530632019,0.39476752281188965,0.4,0.7345679012345679,0.625,0.3855215249518105
0.7787107229232788,0.4278116524219513,0.7530547976493835,0.25826552510261536,0.8228571428571428,0.4567901234567901,0.7683823529411765,0.3084172199614484
0.49311164021492004,0.4853963553905487,0.5834299325942993,0.4210324287414551,0.3771428571428571,0.3406013540422143,0.3060344827586212,0.5524951809809399
0.6045216917991638,0.4244338870048523,0.48656678199768066,0.3170088529586792,0.6228571428571429,0.558641975308642,0.6948529411764706,0.3418290854572722
0.5022650361061096,0.33838462829589844,0.3653804659843445,0.19387492537498474,0.6542857142857142,0.2037037037037037,0.3345588235294117,0.1773399014778327
0.7365126609802246,0.4558764398097992,0.7487265467643738,0.7079561948776245,0.76,0.521898883009993,0.7794117647058824,0.6296851574212908
0.5382614135742188,0.4373660981655121,0.4322846531867981,0.3584749400615692,0.4457142857142857,0.3364197530864197,0.3639705882352941,0.3623902334547019
0.6581897735595703,0.4494418799877167,0.4753907322883606,0.4007023274898529,0.6942857142857143,0.3179012345679012,0.3382352941176471,0.1747697579781539
0.5782967805862427,0.5458321571350098,0.5398127436637878,0.43907901644706726,0.6371428571428571,0.4717323143249067,0.5475490196078423,0.5962732919254671
0.3443257212638855,0.54506915807724,0.5575529336929321,0.5148540735244751,0.525854800936768,0.3411758753288809,0.5052521008403364,0.6109231098736362
0.30068230628967285,0.39725595712661743,0.2974155843257904,0.6563016772270203,0.2371428571428571,0.2901234567901234,0.2352941176470588,0.6194045834225763
0.6488050818443298,0.3833180069923401,0.6441230177879333,0.27054083347320557,0.6742857142857143,0.419753086419753,0.625,0.2415934889698015
0.4878549873828888,0.7019436955451965,0.5464502573013306,0.19467219710350037,0.5457142857142857,0.6697530864197531,0.4338235294117647,0.2081816234739777
0.6228081583976746,0.4202553331851959,0.49965667724609375,0.28949904441833496,0.5485714285714286,0.3641975308641975,0.4375,0.313557506960806
0.18333116173744202,0.7470887303352356,0.7050933241844177,0.4600132405757904,0.1714285714285714,0.6512345679012346,0.7095588235294118,0.4934675519383176
0.6246106028556824,0.4847891926765442,0.5178640484809875,0.7173277139663696,0.593640552995392,0.4775985663082429,0.5593137254901952,0.7144998929106894
0.6762611269950867,0.6098693609237671,0.5212469100952148,0.32164496183395386,0.7371428571428571,0.6419753086419753,0.4963235294117647,0.2904262154636974
0.480071097612381,0.4020201861858368,0.49619704484939575,0.4392545819282532,0.5171428571428571,0.4104938271604938,0.5404411764705882,0.470336260441209
0.18119503557682037,0.8299152255058289,0.7496920228004456,0.48588576912879944,0.220997732426304,0.8425925925925926,0.7389705882352942,0.5500107089312499
0.5105910301208496,0.5900619029998779,0.5010085701942444,0.5727929472923279,0.4638709677419355,0.5332182464950834,0.4885902636916847,0.6265832600940925
0.6382163763046265,0.3247038424015045,0.30388638377189636,0.456086128950119,0.5569491525423726,0.4303118908382064,0.4621459694989105,0.572224092035616
0.5447862148284912,0.5262807011604309,0.42296409606933594,0.6497037410736084,0.6157369614512475,0.3406013540422143,0.4196247464503035,0.6560719640179953
0.47150537371635437,0.45040759444236755,0.526095986366272,0.42236143350601196,0.4571428571428571,0.4475308641975308,0.5036764705882353,0.4806168344399242
0.8224278688430786,0.6907714009284973,0.706229031085968,0.47318753600120544,0.8514285714285714,0.6849402312365274,0.6911764705882353,0.501177982437354
0.6069927215576172,0.5622481107711792,0.6859686970710754,0.57749342918396,0.6157369614512475,0.6234567901234568,0.8492647058823529,0.6810880274148641
0.3457282483577728,0.4085903465747833,0.37376925349235535,0.45049306750297546,0.5057142857142857,0.2932098765432099,0.3455882352941176,0.2287427714714075
0.7394106984138489,0.41730430722236633,0.5689398646354675,0.25360339879989624,0.92,0.5679012345679012,0.6397058823529411,0.2544442064681949
0.2471807897090912,0.4985484480857849,0.5685727596282959,0.35325777530670166,0.2257142857142857,0.558641975308642,0.5404411764705882,0.4908974084386387
0.5820447206497192,0.32401734590530396,0.4153907299041748,0.5004736185073853,0.5428571428571428,0.3395061728395062,0.37313258636788,0.6091240094238611
0.25094375014305115,0.5331352949142456,0.451193630695343,0.4497975707054138,0.2771428571428571,0.4938271604938271,0.3786764705882353,0.4908974084386387
0.20897094905376434,0.6015080213546753,0.5399470925331116,0.5365110635757446,0.1485714285714285,0.8302469135802469,0.7352941176470589,0.4960376954379964
0.5548204183578491,0.4009503722190857,0.47933313250541687,0.436361163854599,0.4685714285714286,0.4027532823829116,0.3786764705882353,0.3366887984579146
0.4669044017791748,0.3984312415122986,0.46586865186691284,0.53731769323349,0.3057142857142857,0.1141975308641975,0.2022058823529411,0.4701649175412303
0.36361634731292725,0.6129691004753113,0.415452241897583,0.453755646944046,0.28,0.4969135802469135,0.5404411764705882,0.4009423859498833
0.516496479511261,0.8046189546585083,0.6583271026611328,0.40046998858451843,0.1857142857142857,0.7067901234567902,0.5919117647058824,0.3958020989505257
0.6320956945419312,0.5162064433097839,0.4842415750026703,0.31210124492645264,0.7314285714285714,0.4876543209876543,0.5330882352941176,0.2621546369672313
0.5581041574478149,0.4642491936683655,0.5365762710571289,0.45312947034835815,0.6371428571428571,0.5971487360376256,0.5147058823529411,0.4600556864424945
0.6784601807594299,0.3624313175678253,0.49673792719841003,0.49311256408691406,0.6485714285714286,0.3611111111111111,0.4779411764705882,0.5551509959306076
0.56081622838974,0.5050195455551147,0.46499156951904297,0.5052701234817505,0.6257142857142857,0.5814716833235358,0.4595588235294117,0.4163632469479555
0.8219749927520752,0.61347895860672,0.5631289482116699,0.46850550174713135,0.7514285714285714,0.5648148148148148,0.6470588235294118,0.3906618119511681
0.5018365383148193,0.3514372706413269,0.48562732338905334,0.48437249660491943,0.56,0.3425925925925926,0.4595588235294117,0.5911330049261102
0.2603195309638977,0.5443366169929504,0.5753477215766907,0.3846645653247833,0.1885714285714285,0.5246913580246914,0.6764705882352942,0.2955665024630551
0.2964341640472412,0.7620158195495605,0.7471330761909485,0.45937201380729675,0.3628571428571429,0.5987654320987654,0.5882352941176471,0.4523452559434581
0.3131243586540222,0.66573166847229,0.6782604455947876,0.4821697473526001,0.2057142857142857,0.4722222222222222,0.4963818860877694,0.5962732919254671
0.5429397225379944,0.5205157995223999,0.6609750986099243,0.43266618251800537,0.5314285714285715,0.5061728395061729,0.5992647058823529,0.5680017134290016
0.29835063219070435,0.42076364159584045,0.3144063651561737,0.4434293210506439,0.2685714285714285,0.6327160493827161,0.3198529411764705,0.5988434354251458
0.5159072875976562,0.4824327826499939,0.51803058385849,0.39811843633651733,0.4485714285714285,0.4228395061728395,0.4485294117647059,0.4549153994431369
0.6109168529510498,0.47735580801963806,0.3663337528705597,0.3252895772457123,0.6057142857142858,0.2993827160493827,0.3397058823529412,0.4292139644463495
0.22213596105575562,0.5054458379745483,0.4186118543148041,0.4418485462665558,0.2457142857142857,0.5246913580246914,0.4632352941176471,0.4266438209466707
0.5339763164520264,0.36036747694015503,0.41516175866127014,0.3887653648853302,0.5373696145124718,0.3808054085831862,0.4463596914175505,0.446262582994218
0.1739148646593094,0.6697635054588318,0.547972559928894,0.39633169770240784,0.1742857142857143,0.3148148148148148,0.1360294117647058,0.4549153994431369
0.7035697102546692,0.6048727631568909,0.48878544569015503,0.19782483577728271,0.6228571428571429,0.595679012345679,0.3529411764705882,0.344399228956951
0.5659231543540955,0.6852921843528748,0.8454747796058655,0.32757318019866943,0.4742857142857143,0.6851851851851852,0.8860294117647058,0.2724352109659465
0.14628936350345612,0.3275707960128784,0.39635133743286133,0.4779254198074341,0.0742857142857142,0.4104938271604938,0.3455882352941176,0.4240736774469919
0.6361380219459534,0.46219366788864136,0.41429898142814636,0.4203433394432068,0.5828571428571429,0.4104938271604938,0.3897058823529412,0.2852859284643398
0.6375187039375305,0.6874939799308777,0.5790502429008484,0.3852149248123169,0.6542857142857142,0.808641975308642,0.5845588235294118,0.2981366459627338
0.30858147144317627,0.3233652114868164,0.3240000307559967,0.2698114216327667,0.42,0.3919753086419753,0.2683823529411764,0.3238380809595212
0.17829667031764984,0.6855570673942566,0.6209383606910706,0.5842434763908386,0.1771428571428571,0.7469135802469136,0.5698529411764706,0.5577211394302863
0.4726497232913971,0.47667670249938965,0.25888538360595703,0.3231034278869629,0.4241723356009069,0.2932098765432099,0.3345588235294117,0.2724352109659465
0.24471965432167053,0.44718483090400696,0.44234970211982727,0.6905003786087036,0.2771428571428571,0.1759259259259259,0.2573529411764705,0.5392161062325994
0.35275959968566895,0.6142915487289429,0.5851144790649414,0.3378804922103882,0.3914285714285714,0.5971487360376256,0.6213235294117647,0.282715784964661
0.26917198300361633,0.49647215008735657,0.43284112215042114,0.40700477361679077,0.1942857142857142,0.4598765432098765,0.4705882352941176,0.2904262154636974
0.5586218237876892,0.4833764135837555,0.4287606179714203,0.25624704360961914,0.5514285714285714,0.4598765432098765,0.3492647058823529,0.1979010494752624
0.6507419347763062,0.6474879384040833,0.5204738974571228,0.20667555928230286,0.6657142857142857,0.5925925925925926,0.5514705882352942,0.0976654529877918
0.7195056080818176,0.40564215183258057,0.5692930817604065,0.3337474763393402,0.7028571428571428,0.4135802469135802,0.6029411764705882,0.3958020989505257
0.5249269604682922,0.500912606716156,0.43492692708969116,0.21830345690250397,0.6571428571428571,0.6253674309229867,0.5183823529411765,0.1310773184836156
0.26166316866874695,0.37017104029655457,0.3151685297489166,0.43255695700645447,0.2085714285714285,0.3765432098765432,0.2904411764705882,0.3932319554508469
0.31819939613342285,0.5178995132446289,0.4807361960411072,0.4290471076965332,0.455488721804511,0.5846070938663527,0.3287815126050424,0.4242572591255406
0.5339251756668091,0.505153238773346,0.6169659495353699,0.3158397972583771,0.4514285714285714,0.6265432098765432,0.6727941176470589,0.2467337759691591
0.4212540090084076,0.6326760053634644,0.486064612865448,0.5585021376609802,0.4771428571428571,0.4629629629629629,0.503851540616247,0.6219747269222544
0.5838797092437744,0.4023662209510803,0.4659111499786377,0.2628895044326782,0.5914285714285714,0.3672839506172839,0.4154411764705882,0.1953309059755845
0.3415362238883972,0.7096737623214722,0.4819473624229431,0.3656366765499115,0.5257142857142857,0.7345679012345679,0.6139705882352942,0.4651959734418514
0.5575839281082153,0.40668532252311707,0.454289972782135,0.5351740717887878,0.3828571428571428,0.5281697040956307,0.2872315592903836,0.406082672949241
0.7496918439865112,0.616118848323822,0.7297396659851074,0.3370940089225769,0.7771428571428571,0.6851851851851852,0.6948529411764706,0.3932319554508469
0.7376665472984314,0.5162888765335083,0.512770414352417,0.34685075283050537,0.7342857142857143,0.4876543209876543,0.5551470588235294,0.4806168344399242
0.21652819216251373,0.7642611861228943,0.8575606942176819,0.3596181869506836,0.2085714285714285,0.7808641975308642,0.8235294117647058,0.3109873634611272
0.39953386783599854,0.26429998874664307,0.3665803074836731,0.3624083399772644,0.46,0.1851851851851851,0.3455882352941176,0.251874062968516
0.46244582533836365,0.31813767552375793,0.44462481141090393,0.40678903460502625,0.3542857142857142,0.2746913580246913,0.5588235294117647,0.3546798029556663
0.5461956858634949,0.5668045282363892,0.5572540760040283,0.5841528177261353,0.4171428571428571,0.7716049382716049,0.6176470588235294,0.4317841079460283
0.6042763590812683,0.4495715796947479,0.5409683585166931,0.23265302181243896,0.6041269841269834,0.4012345679012346,0.5367647058823529,0.1310773184836156
0.46476876735687256,0.44748446345329285,0.48988038301467896,0.25070831179618835,0.5942857142857143,0.6666666666666666,0.7389705882352942,0.2390233454701227
0.5953722596168518,0.37965884804725647,0.3647584319114685,0.18612270057201385,0.66,0.3487654320987654,0.4007352941176471,0.2056114799742989
0.5371993780136108,0.34215664863586426,0.47094690799713135,0.36408376693725586,0.5657142857142857,0.345679012345679,0.5183823529411765,0.4967230670379111
0.6608495712280273,0.46779143810272217,0.5550649762153625,0.5537023544311523,0.6228571428571429,0.6450617283950617,0.7241461100569272,0.822445919897195
0.4695073068141937,0.4756598174571991,0.5173557996749878,0.43230941891670227,0.4539110070257609,0.4780031354105422,0.5505062680810023,0.5923324052259603
0.5063803195953369,0.5946862101554871,0.47688859701156616,0.32505905628204346,0.48,0.6358024691358025,0.4191176470588235,0.3400299850074971
0.5576274394989014,0.4423922002315521,0.41680172085762024,0.38975223898887634,0.34,0.5673987941429807,0.5145348837209295,0.4863412449619362
0.7342791557312012,0.344870001077652,0.48118093609809875,0.3541969656944275,0.7742857142857142,0.3765432098765432,0.4632352941176471,0.375240950953096
0.34658342599868774,0.4377439022064209,0.3941180109977722,0.2681290805339813,0.2228571428571428,0.2623456790123457,0.2904411764705882,0.2981366459627338
0.3132835924625397,0.3619336783885956,0.4069882929325104,0.4192409813404083,0.5685714285714286,0.5187634724671762,0.4702380952380942,0.5414140220530141
0.5714053511619568,0.5339395999908447,0.6120034456253052,0.40647467970848083,0.4857142857142857,0.5308641975308642,0.6176470588235294,0.5680017134290016
0.5569002032279968,0.5842050909996033,0.44382357597351074,0.4230843186378479,0.3871889400921654,0.3672839506172839,0.3180740037950658,0.6149068322981383
0.6612309217453003,0.48628178238868713,0.44815972447395325,0.14591024816036224,0.5314285714285715,0.4382716049382716,0.4338235294117647,0.1156564574855435
0.5330663323402405,0.4695570766925812,0.5102946162223816,0.3643512725830078,0.5885714285714285,0.2932098765432099,0.6691176470588235,0.3238380809595212
0.3561428189277649,0.37934988737106323,0.43302759528160095,0.25612401962280273,0.3771428571428571,0.3981481481481481,0.4375,0.2056114799742989
0.3518794775009155,0.46478259563446045,0.5404496192932129,0.44065573811531067,0.3314285714285714,0.6450617283950617,0.6875,0.4035125294495622
0.3636966645717621,0.5123491883277893,0.4893537163734436,0.5970473289489746,0.2714285714285714,0.6358024691358025,0.5955882352941176,0.3341186549582358
0.31029537320137024,0.49658453464508057,0.3319941461086273,0.4228542447090149,0.2028571428571428,0.4506172839506173,0.2867647058823529,0.375240950953096
0.4226929843425751,0.8159139752388,0.6889119744300842,0.5515380501747131,0.5314285714285715,0.7808641975308642,0.3860294117647059,0.5345898479331778
0.5431317687034607,0.5581979751586914,0.515047550201416,0.5825926065444946,0.6085714285714285,0.6820987654320988,0.4595588235294117,0.6887984579139012
0.5895514488220215,0.6980468034744263,0.6471649408340454,0.2969836890697479,0.5373696145124718,0.6974818734077984,0.7573529411764706,0.2391090169201116
0.5444632172584534,0.5862200856208801,0.44879329204559326,0.4058993458747864,0.5628571428571428,0.6265432098765432,0.5110294117647058,0.3058470764617696
0.4815540611743927,0.754602313041687,0.5325124263763428,0.3148372173309326,0.3428571428571428,0.7808641975308642,0.7169117647058824,0.2724352109659465
0.3626192510128021,0.47436413168907166,0.25491467118263245,0.4983225166797638,0.3057142857142857,0.3703703703703703,0.1433823529411764,0.4677661169415302
0.5437585711479187,0.42965665459632874,0.452149361371994,0.4998900592327118,0.5258064516129023,0.3941038739889324,0.3506592292089247,0.5221822586243835
0.8413674831390381,0.8887286186218262,0.5791709423065186,0.21334628760814667,0.8085714285714286,0.8611111111111112,0.5551470588235294,0.2364532019704439
0.513279378414154,0.6815534234046936,0.5706769824028015,0.3055815100669861,0.3685714285714285,0.691358024691358,0.5477941176470589,0.1105161704861859
0.6787113547325134,0.5059438943862915,0.4176078736782074,0.3913835287094116,0.5971428571428572,0.6635802469135802,0.2573529411764705,0.3701006639537383
0.36058107018470764,0.4263463318347931,0.4767288267612457,0.41089001297950745,0.3457142857142857,0.3611111111111111,0.4816176470588235,0.3572499464553442
0.49720606207847595,0.42108458280563354,0.3940355181694031,0.37816905975341797,0.5228571428571429,0.3549382716049383,0.2867647058823529,0.3238380809595212
0.4960455298423767,0.47773200273513794,0.3715481758117676,0.37902674078941345,0.4971428571428571,0.6018518518518519,0.4632352941176471,0.3958020989505257
0.12881898880004883,0.9135446548461914,0.8527308106422424,0.5531918406486511,0.1428571428571428,0.9351851851851852,0.8272058823529411,0.4729064039408878
0.42296668887138367,0.3360465466976166,0.355923056602478,0.5743708610534668,0.3615126050420169,0.2667548500881837,0.3771390374331553,0.6016277575497978
0.6337732672691345,0.4749261438846588,0.520078182220459,0.48403000831604004,0.5714285714285714,0.5493827160493827,0.2169117647058823,0.4908974084386387
0.7644033432006836,0.6136000156402588,0.6401706337928772,0.2931589186191559,0.7114285714285714,0.5246913580246914,0.7279411764705882,0.3469693724566298
0.5178101658821106,0.492035448551178,0.5706472396850586,0.6735957860946655,0.5657142857142857,0.4104938271604938,0.1948529411764706,0.3778110944527748
0.4699555039405823,0.6351447105407715,0.4910057783126831,0.3886188268661499,0.4857142857142857,0.5925925925925926,0.2757352941176471,0.3058470764617696
0.42407432198524475,0.6455888748168945,0.7272589206695557,0.6167960166931152,0.2657142857142857,0.7592592592592593,0.8676470588235294,0.6913686014135777
0.22423629462718964,0.5989722013473511,0.23483051359653473,0.36488068103790283,0.2371428571428571,0.6574074074074074,0.3713235294117647,0.344399228956951
0.24622459709644318,0.41360288858413696,0.3649218678474426,0.3005605936050415,0.1971428571428571,0.3271604938271605,0.1838235294117647,0.2184621974726929
0.5081681609153748,0.6073609590530396,0.5247812271118164,0.3352419435977936,0.5914285714285714,0.5864197530864198,0.5441176470588235,0.4240736774469919
0.5449761152267456,0.49950873851776123,0.505695641040802,0.3958805799484253,0.4485714285714285,0.3641975308641975,0.5588235294117647,0.5962732919254671
0.5248068571090698,0.48395752906799316,0.53812575340271,0.43559226393699646,0.3254875283446711,0.6172839506172839,0.5989089184060729,0.3264082244592
0.6324902176856995,0.37779927253723145,0.482977032661438,0.19800597429275513,0.5914285714285714,0.3518518518518518,0.4485294117647059,0.1336474619832944
0.5891944169998169,0.4295578598976135,0.5284674763679504,0.4360075891017914,0.5657142857142857,0.3820191158900839,0.552404295051353,0.3726708074534172
0.19644196331501007,0.5226716995239258,0.5442642569541931,0.5370252728462219,0.2732426303854866,0.6253674309229867,0.6027039848197342,0.6708074534161503
0.9133979082107544,0.6680137515068054,0.7421534061431885,0.36809349060058594,0.9657142857142856,0.6419753086419753,0.7720588235294118,0.3032769329620907
0.615750253200531,0.525618851184845,0.6015411615371704,0.4735366106033325,0.4257142857142857,0.5,0.6948529411764706,0.4754765474405666
0.3452431559562683,0.26520687341690063,0.39029040932655334,0.34591788053512573,0.4571428571428571,0.3271604938271605,0.4191176470588235,0.2364532019704439
0.5700479745864868,0.32910478115081787,0.41770753264427185,0.4134293496608734,0.54,0.3611111111111111,0.4632352941176471,0.4240736774469919
0.6681779623031616,0.746406614780426,0.6910554766654968,0.43481510877609253,0.6542857142857142,0.8179012345679012,0.7167366946778706,0.5705718569286797
0.12610377371311188,0.7419558763504028,0.6867207884788513,0.4232077896595001,0.1085714285714285,0.691358024691358,0.6323529411764706,0.4651959734418514
0.5766563415527344,0.7024284601211548,0.6305949091911316,0.641330897808075,0.392747252747253,0.5108327281529895,0.5166566626650658,0.6414649817948159
0.5756745338439941,0.67329341173172,0.5634210109710693,0.6190618872642517,0.7914285714285715,0.6535861258083476,0.6875,0.5790533304776199
0.4972766637802124,0.40613389015197754,0.6153436899185181,0.1693623811006546,0.3257142857142857,0.3950617283950617,0.4852941176470588,0.1542086099807242
0.33858776092529297,0.4322114884853363,0.6173683404922485,0.4745306670665741,0.2485714285714285,0.5216049382716049,0.6654411764705882,0.5191689869351049
0.44298702478408813,0.6139936447143555,0.4194108545780182,0.25475090742111206,0.4771428571428571,0.6419753086419753,0.3823529411764705,0.2621546369672313
0.30011361837387085,0.4466058313846588,0.26495277881622314,0.23480547964572906,0.28,0.3611111111111111,0.3272058823529412,0.1644891839794394
0.5700093507766724,0.5970432162284851,0.42901816964149475,0.3322179913520813,0.5914285714285714,0.6882716049382716,0.4227941176470588,0.251874062968516
0.6945650577545166,0.5973933339118958,0.7683280110359192,0.4648102819919586,0.6685714285714286,0.6203703703703703,0.7867647058823529,0.5474405654315712
0.5417624711990356,0.3909837603569031,0.4133501350879669,0.1633673459291458,0.6028571428571429,0.2962962962962963,0.4264705882352941,0.1593488969800818
0.3880394399166107,0.6924575567245483,0.6529726982116699,0.42423751950263977,0.4432258064516132,0.6390912770694184,0.6561565304087741,0.5633931802571636
0.6193840503692627,0.5318619012832642,0.5086666941642761,0.5561726093292236,0.64,0.4259259259259259,0.6383053221288518,0.6785178839151875
0.5193155407905579,0.47512707114219666,0.5451695322990417,0.2056683450937271,0.4885714285714285,0.4567901234567901,0.6102941176470589,0.1747697579781539
0.8079606890678406,0.5258050560951233,0.6419674754142761,0.2715466022491455,0.8628571428571429,0.7561728395061729,0.7463235294117647,0.2621546369672313
0.5109582543373108,0.3834807276725769,0.49753516912460327,0.49765723943710327,0.4771428571428571,0.3518518518518518,0.3619281045751624,0.4523452559434581
0.33348146080970764,0.35894811153411865,0.24909734725952148,0.6099172830581665,0.1885714285714285,0.3179012345679012,0.150735294117647,0.501177982437354
0.5631923675537109,0.614203929901123,0.42263856530189514,0.10159926116466522,0.6542857142857142,0.6141975308641975,0.4301470588235294,0.1130863139858647
0.5109430551528931,0.4056239724159241,0.3482183814048767,0.28699004650115967,0.6028571428571429,0.3580246913580246,0.3245798319327741,0.3238380809595212
0.4302428662776947,0.7286849617958069,0.4194762110710144,0.4713810086250305,0.3914285714285714,0.5277777777777778,0.3933823529411764,0.3675305204540595
0.525542676448822,0.45937055349349976,0.559948742389679,0.34429290890693665,0.3771428571428571,0.3734567901234568,0.4669117647058823,0.4626258299421725
0.5658150911331177,0.6304840445518494,0.44992563128471375,0.526583194732666,0.5685714285714286,0.5877425044091713,0.4227941176470588,0.4515742128935543
0.5694143176078796,0.5883650779724121,0.4985038936138153,0.5833026170730591,0.5314285714285715,0.6574074074074074,0.6213235294117647,0.4831869779396031
0.6895252466201782,0.3503052890300751,0.4114748537540436,0.3268561363220215,0.5971428571428572,0.5216049382716049,0.4030112044817929,0.3778110944527748
0.8610039353370667,0.5647069215774536,0.846738338470459,0.44772911071777344,0.9428571428571428,0.6327160493827161,0.8823529411764706,0.4137931034482767
0.5989419221878052,0.5874481201171875,0.6089476943016052,0.45225799083709717,0.8057142857142857,0.5617283950617284,0.5404411764705882,0.4137931034482767
0.3899049162864685,0.5629220604896545,0.42918333411216736,0.40354400873184204,0.4514285714285714,0.6419753086419753,0.5625,0.3373741700578293
0.6709648370742798,0.5287927389144897,0.5907178521156311,0.276631623506546,0.6457142857142857,0.5833333333333334,0.6691176470588235,0.249303919468838
0.7609258890151978,0.48277702927589417,0.6465947031974792,0.6062498688697815,0.8114285714285714,0.4753086419753086,0.7389705882352942,0.5602912829299652
0.6220159530639648,0.40823909640312195,0.5603287816047668,0.39990130066871643,0.5857142857142857,0.4475308641975308,0.5955882352941176,0.4908974084386387
0.6092590093612671,0.5338228344917297,0.490740031003952,0.4733182489871979,0.5780045351473919,0.4010288065843614,0.4208624127617152,0.4470213872655518
0.22003889083862305,0.709075927734375,0.8464871644973755,0.5434973835945129,0.2314285714285714,0.6604938271604939,0.7352941176470589,0.6245448704219333
0.4577990770339966,0.5330156683921814,0.825039803981781,0.35560405254364014,0.5171428571428571,0.3858024691358024,0.8050867888138872,0.4472049689441005
0.6368772983551025,0.40558815002441406,0.48126617074012756,0.5901315808296204,0.5685714285714286,0.4170649143767426,0.5441176470588235,0.6799742985650077
0.4193596839904785,0.5286543369293213,0.40797242522239685,0.407555490732193,0.4914285714285714,0.4660493827160494,0.4447906281156541,0.488755622188907
0.4590856730937958,0.3827720284461975,0.30275410413742065,0.5472950339317322,0.5757894736842112,0.3909743076409738,0.3423202614379081,0.6746626686656689
0.6161693334579468,0.4655567407608032,0.5166002511978149,0.1868530511856079,0.6057142857142858,0.5493827160493827,0.4816176470588235,0.1593488969800818
0.53093421459198,0.6248201727867126,0.471815824508667,0.22780543565750122,0.4942857142857143,0.691211052322163,0.4044117647058823,0.2338830584707651
0.7630688548088074,0.8412094712257385,0.7879263758659363,0.28959840536117554,0.78,0.8271604938271605,0.7205882352941176,0.3161276504604848
0.2777496874332428,0.6792217493057251,0.36411696672439575,0.5768163800239563,0.2657142857142857,0.6692631785224376,0.3786764705882353,0.5073463268365831
0.48674386739730835,0.5649853944778442,0.5344359874725342,0.35949254035949707,0.5371428571428571,0.5281697040956307,0.6066176470588235,0.3032769329620907
0.5078096389770508,0.8391748070716858,0.5379371643066406,0.2862074673175812,0.3371428571428571,0.904320987654321,0.2389705882352941,0.2852859284643398
0.2745963931083679,0.5316354632377625,0.47807303071022034,0.4480580985546112,0.2885714285714286,0.3919753086419753,0.2352941176470588,0.2981366459627338
0.6018820405006409,0.600841760635376,0.4671947956085205,0.34592729806900024,0.7028571428571428,0.3981481481481481,0.3897058823529412,0.344399228956951
0.27213290333747864,0.3586815893650055,0.3461275100708008,0.5459033846855164,0.2028571428571428,0.3981481481481481,0.2242647058823529,0.4446348254444217
0.4933779239654541,0.4846043586730957,0.4957221448421478,0.38143664598464966,0.5828571428571429,0.3333333333333333,0.5257352941176471,0.4472049689441005
0.1605469286441803,0.5433512926101685,0.47221896052360535,0.46422192454338074,0.2057142857142857,0.5308641975308642,0.4595588235294117,0.4523452559434581
0.8807744979858398,0.5644641518592834,0.695049524307251,0.5730671882629395,0.8914285714285715,0.5679012345679012,0.6727941176470589,0.5474405654315712
0.3948988616466522,0.5311193466186523,0.7084184885025024,0.5133687853813171,0.4142857142857143,0.7623456790123457,0.8529411764705882,0.4137931034482767
0.42828240990638733,0.719387412071228,0.4709990620613098,0.39210131764411926,0.4942857142857143,0.7314814814814815,0.5,0.5140286999357481
0.4493594467639923,0.3997683525085449,0.3780997693538666,0.5386483669281006,0.3428571428571428,0.4320987654320987,0.4669117647058823,0.501177982437354
0.6110984086990356,0.7558819055557251,0.6282309889793396,0.2269763946533203,0.6857142857142857,0.8302469135802469,0.6911764705882353,0.2107517669736565
0.4659139811992645,0.40230315923690796,0.4400482475757599,0.6474151015281677,0.3547465437788013,0.3839408191260049,0.3357843137254894,0.7392264458903567
0.5264837145805359,0.40622904896736145,0.5250955820083618,0.5972098708152771,0.6065375302663443,0.6876644403966815,0.7441683569979718,0.6063702842456337
0.0706956684589386,0.7013447880744934,0.4349764585494995,0.6587926149368286,0.0114285714285714,0.7037037037037037,0.5,0.760762475904905
0.2877455949783325,0.4194885790348053,0.4289105236530304,0.5357263088226318,0.1628571428571428,0.3888888888888889,0.3639705882352941,0.6168344399228975
0.1544211357831955,0.5518885254859924,0.47203508019447327,0.5314964056015015,0.2485714285714285,0.2746913580246913,0.3676470588235294,0.6579567359177602
0.5325869917869568,0.4037927985191345,0.4099833071231842,0.2651999592781067,0.5314285714285715,0.3888888888888889,0.37313258636788,0.3084172199614484
0.3751180171966553,0.43565335869789124,0.4455951154232025,0.5968207716941833,0.5108665105386423,0.3611111111111111,0.3993407707910753,0.4382951381452139
0.7120664715766907,0.46689099073410034,0.639376163482666,0.30318382382392883,0.6771428571428572,0.5833333333333334,0.8014705882352942,0.3572499464553442
0.5632998943328857,0.6567901372909546,0.5709036588668823,0.37867769598960876,0.5542857142857143,0.6567215363511665,0.5972222222222212,0.4831869779396031
0.7822070121765137,0.5651525855064392,0.5927567481994629,0.3541070222854614,0.8028571428571428,0.6002841465804425,0.7205882352941176,0.3289783679588789
0.549652099609375,0.45669034123420715,0.5184838175773621,0.48460301756858826,0.5028571428571429,0.4905447775818152,0.6139705882352942,0.5165988434354262
0.6078618764877319,0.4192735552787781,0.4317987561225891,0.3352101445198059,0.6485714285714286,0.5370370370370371,0.4669117647058823,0.4292139644463495
0.633471667766571,0.4271852672100067,0.42031314969062805,0.40996497869491577,0.6257142857142857,0.4215657456398202,0.3419117647058823,0.3058470764617696
0.771515965461731,0.4899660050868988,0.5790500044822693,0.4744293987751007,0.86,0.6141975308641975,0.6176470588235294,0.4317841079460283
0.5247592926025391,0.6223893165588379,0.8251084089279175,0.4865959584712982,0.4119437939110071,0.5775652701882213,0.7482251521298164,0.4811675794755694
0.2505011558532715,0.39764338731765747,0.2649197578430176,0.6083910465240479,0.2714285714285714,0.5462962962962963,0.2050653594771246,0.6168344399228975
0.7382755279541016,0.4818669557571411,0.6565869450569153,0.36765968799591064,0.7942857142857143,0.5246913580246914,0.8088235294117647,0.4626258299421725
0.2619478702545166,0.2064536064863205,0.2876509726047516,0.4587479531764984,0.2257142857142857,0.2314814814814814,0.2830882352941176,0.4086528164489199
0.6059240102767944,0.38629066944122314,0.5167871713638306,0.2639642357826233,0.62,0.4074074074074074,0.5330882352941176,0.187620475476548
0.6907772421836853,0.7248154282569885,0.6287730932235718,0.5587466955184937,0.82,0.8395061728395061,0.6066176470588235,0.5165988434354262
0.1603175550699234,0.5905187129974365,0.5032209753990173,0.39860451221466064,0.1685714285714285,0.6666666666666666,0.6397058823529411,0.4651959734418514
0.4579729437828064,0.23759761452674866,0.35562267899513245,0.5709434747695923,0.1942857142857142,0.345679012345679,0.0967553688141929,0.5500107089312499
0.5332330465316772,0.3851254880428314,0.4627767503261566,0.3466401994228363,0.52,0.3796296296296296,0.4264705882352941,0.3701006639537383
0.4794565439224243,0.4002052843570709,0.44818079471588135,0.507959246635437,0.5428571428571428,0.2901234567901234,0.5697926711668283,0.4240736774469919
0.08034349977970123,0.6879367232322693,0.5743116736412048,0.4940398037433624,0.0857142857142857,0.6975308641975309,0.8198529411764706,0.5885628614264313
0.6394403576850891,0.5097734928131104,0.4447711408138275,0.2945879399776459,0.6766893424036279,0.4320987654320987,0.3602941176470588,0.282715784964661
0.3548103868961334,0.47676441073417664,0.5741462707519531,0.4414879381656647,0.4657142857142857,0.3950617283950617,0.3051470588235294,0.2467337759691591
0.5277567505836487,0.5134840607643127,0.48322176933288574,0.41907966136932373,0.5771428571428572,0.4104938271604938,0.4411764705882353,0.3598200899550231
0.5193230509757996,0.3377254903316498,0.43180710077285767,0.4068886935710907,0.5342857142857143,0.3852050975706884,0.3955415499533153,0.576397515527952
0.5245776772499084,0.4267217218875885,0.4704490900039673,0.3286783993244171,0.5228571428571429,0.5277777777777778,0.5147058823529411,0.249303919468838
0.46205756068229675,0.6033453941345215,0.6345536112785339,0.43682536482810974,0.3057142857142857,0.5154320987654321,0.5113211951447247,0.3855215249518105
0.5703888535499573,0.32520028948783875,0.32727906107902527,0.37043502926826477,0.4714285714285714,0.3588575347834608,0.4167457305502847,0.4420646819447428
0.6739832758903503,0.6265667080879211,0.7140378952026367,0.5482296943664551,0.6457142857142857,0.7592592592592593,0.6985294117647058,0.5294495609338202
0.704318642616272,0.5234898328781128,0.5523390769958496,0.46890440583229065,0.6657142857142857,0.4382716049382716,0.4558823529411764,0.470336260441209
0.5769443511962891,0.3272347152233124,0.42608213424682617,0.21224118769168854,0.5828571428571429,0.3302469135802469,0.4007352941176471,0.2056114799742989
0.6277137994766235,0.6133853793144226,0.48963162302970886,0.43485042452812195,0.62,0.6234567901234568,0.6801470588235294,0.3366887984579146
0.7194256782531738,0.6128485798835754,0.6960771679878235,0.5823038816452026,0.7714285714285715,0.6172839506172839,0.7426470588235294,0.6296851574212908
0.5004138946533203,0.7119243741035461,0.575015664100647,0.40538689494132996,0.3285714285714285,0.9012345679012346,0.6691176470588235,0.3958020989505257
0.746082603931427,0.5333268642425537,0.6341820359230042,0.3586866557598114,0.6542857142857142,0.404320987654321,0.6323529411764706,0.4523452559434581
0.6521837115287781,0.3151558041572571,0.3926563858985901,0.4823839068412781,0.86,0.3858024691358024,0.6433823529411765,0.3803812379524536
0.43590182065963745,0.6525688171386719,0.7473207116127014,0.5909848809242249,0.3571428571428571,0.6512345679012346,0.7426470588235294,0.5654315699293228
0.5421540141105652,0.5312610864639282,0.6291061043739319,0.3227890133857727,0.5114285714285715,0.6388888888888888,0.6985294117647058,0.3109873634611272
0.6959149837493896,0.7429096102714539,0.7463083863258362,0.4799756705760956,0.8028571428571428,0.7623456790123457,0.7720588235294118,0.5680017134290016
0.3533870279788971,0.5408598184585571,0.39863988757133484,0.4644540250301361,0.3085714285714285,0.3902116402116405,0.4926470588235294,0.4472049689441005
0.12911225855350494,0.77117520570755,0.6789785623550415,0.49975836277008057,0.2114285714285714,0.7098765432098766,0.6102941176470589,0.6116941529235399
0.5161307454109192,0.6114013195037842,0.6530112624168396,0.4439890682697296,0.3628571428571429,0.7345679012345679,0.4227941176470588,0.4240736774469919
0.2952219545841217,0.5146276950836182,0.359930157661438,0.6721848249435425,0.3257142857142857,0.3086419753086419,0.2125350140056024,0.6810880274148641
0.21645615994930267,0.6615477800369263,0.5087099075317383,0.5574735999107361,0.1314285714285714,0.7283950617283951,0.6139705882352942,0.5063182694367117
0.43887144327163696,0.550968587398529,0.5057235360145569,0.39282479882240295,0.4178835978835986,0.3428255299324484,0.4590336134453788,0.5418719211822671
0.37837448716163635,0.650165319442749,0.5791659355163574,0.674108624458313,0.1942857142857142,0.6944444444444444,0.4179505135387482,0.8526022702934244
0.3931218981742859,0.6269930601119995,0.5604885220527649,0.4340157210826874,0.3028571428571429,0.4660493827160494,0.4411764705882353,0.3418290854572722
0.5181576013565063,0.3648723065853119,0.47543928027153015,0.343004435300827,0.4142857142857143,0.382716049382716,0.4448529411764705,0.2338830584707651
0.6388818621635437,0.40089476108551025,0.4526497423648834,0.1736353635787964,0.6314285714285715,0.5370370370370371,0.4742647058823529,0.1979010494752624
0.4070263206958771,0.5716777443885803,0.6827569007873535,0.49089452624320984,0.5257142857142857,0.382716049382716,0.4522058823529412,0.4754765474405666
0.5922144651412964,0.2952737808227539,0.42057448625564575,0.2742154002189636,0.5371428571428571,0.2901234567901234,0.4191176470588235,0.2441636324694803
0.7072556614875793,0.598623514175415,0.6008780002593994,0.2664407789707184,0.4685714285714286,0.6719434488251693,0.4926470588235294,0.3906618119511681
0.47535765171051025,0.3666439652442932,0.4492062032222748,0.5415042042732239,0.5896145124716544,0.5524691358024691,0.4889705882352941,0.4317841079460283
0.7724757194519043,0.5027205944061279,0.5469836592674255,0.4531417787075043,0.6371428571428571,0.7283950617283951,0.6868580765639599,0.5500107089312499
0.6846034526824951,0.6102482676506042,0.6448094248771667,0.34002524614334106,0.6514285714285715,0.5061728395061729,0.4889705882352941,0.3649603769543807
0.47945597767829895,0.3837012052536011,0.4728080630302429,0.4996260702610016,0.5780592991913747,0.4953401113531832,0.5538235294117646,0.5997686870850305
0.4721011221408844,0.4170469641685486,0.5779557824134827,0.7153664231300354,0.4992626728110592,0.4170649143767426,0.6140891840607199,0.6403202339716875
0.4790402054786682,0.43994632363319397,0.39195457100868225,0.2904050350189209,0.4942857142857143,0.5216049382716049,0.4338235294117647,0.3932319554508469
0.5318575501441956,0.45654067397117615,0.5980333685874939,0.2542656362056732,0.6028571428571429,0.3919753086419753,0.5220588235294118,0.2004711929749413
0.7432355880737305,0.8256264328956604,0.5871469974517822,0.32864847779273987,0.7514285714285714,0.9197530864197532,0.6727941176470589,0.282715784964661
0.5959910750389099,0.3845088481903076,0.5484392046928406,0.4513508379459381,0.5828571428571429,0.3487654320987654,0.4522058823529412,0.3469693724566298
0.34453850984573364,0.6468033194541931,0.4852660000324249,0.3395596146583557,0.3657142857142857,0.5555555555555556,0.5636087768440705,0.4343542514457072
0.6984474658966064,0.4865376651287079,0.6321905851364136,0.4738318920135498,0.8742857142857143,0.6790123456790124,0.7169117647058824,0.4986078389376752
0.5003930926322937,0.4062971770763397,0.4749489426612854,0.30785664916038513,0.5285714285714286,0.3839408191260049,0.4739729225023341,0.2878560719640186
0.3917193114757538,0.4488731920719147,0.4014780819416046,0.3760523200035095,0.48,0.3333333333333333,0.2242647058823529,0.2544442064681949
0.824755072593689,0.5228480696678162,0.7117074728012085,0.4031272232532501,0.7714285714285715,0.3919753086419753,0.5992647058823529,0.4292139644463495
0.7349966764450073,0.7574986815452576,0.512934684753418,0.3760262429714203,0.7428571428571429,0.8487654320987654,0.5110294117647058,0.3238380809595212
0.6818973422050476,0.5106065273284912,0.5976154208183289,0.3397301137447357,0.8457142857142858,0.3487654320987654,0.4669117647058823,0.2390233454701227
0.6620492935180664,0.4505302309989929,0.6182103753089905,0.39072364568710327,0.8714285714285714,0.6265432098765432,0.6066176470588235,0.3675305204540595
0.5475234389305115,0.39197614789009094,0.5201109647750854,0.27400556206703186,0.5171428571428571,0.4382716049382716,0.4632352941176471,0.2261726279717286
0.8349034190177917,0.5421579480171204,0.8018868565559387,0.4984835684299469,0.8285714285714286,0.5740740740740741,0.7867647058823529,0.6194045834225763
0.5038606524467468,0.4474962055683136,0.5758063793182373,0.6399646401405334,0.5457142857142857,0.3734567901234568,0.4509013282732447,0.5757121439280373
0.7080040574073792,0.3918668031692505,0.38463911414146423,0.2756623327732086,0.5771428571428572,0.3858024691358024,0.5367647058823529,0.2570143499678737
0.3971673548221588,0.5882022976875305,0.5185496211051941,0.5822352766990662,0.2885714285714286,0.8148148148148148,0.4595588235294117,0.4574855429428157
0.14114022254943848,0.47691234946250916,0.3194267153739929,0.4730054438114166,0.0828571428571428,0.5555555555555556,0.4080882352941176,0.5577211394302863
0.6832142472267151,0.68067866563797,0.6520073413848877,0.4650762379169464,0.64,0.5864197530864198,0.7573529411764706,0.6091240094238611
0.5655051469802856,0.2659999430179596,0.33089178800582886,0.2690103352069855,0.6228571428571429,0.3580246913580246,0.4044117647058823,0.2544442064681949
0.6204743385314941,0.33493757247924805,0.4319269061088562,0.2967652380466461,0.6257142857142857,0.5030864197530864,0.6580882352941176,0.2878560719640186
0.5763263702392578,0.8671448826789856,0.6722626090049744,0.45137181878089905,0.6057142857142858,0.9444444444444444,0.6654411764705882,0.3521096594559874
0.5995402336120605,0.5034447908401489,0.5619387626647949,0.3725384473800659,0.6771428571428572,0.4259259259259259,0.4411764705882353,0.4420646819447428
0.5237430334091187,0.5000883340835571,0.4395281672477722,0.36934393644332886,0.5714285714285714,0.5123456790123457,0.3823529411764705,0.4317841079460283
0.541979193687439,0.4600805938243866,0.5217459201812744,0.571350634098053,0.4461751152073728,0.3975095785440612,0.500116713352007,0.6622993921758353
0.7697966694831848,0.5940520763397217,0.6504215002059937,0.40069150924682617,0.8,0.5462962962962963,0.6029411764705882,0.4446348254444217
0.5222660899162292,0.46375375986099243,0.4967011511325836,0.4705340564250946,0.4857142857142857,0.5185185185185185,0.6756535947712424,0.4497751124437792
0.5982629656791687,0.5077887773513794,0.5091584324836731,0.6737849116325378,0.2308755760368658,0.6714733859542598,0.676604278074866,0.6685338649356639
0.744431734085083,0.44415658712387085,0.6958552598953247,0.557256281375885,0.72,0.4104938271604938,0.6801470588235294,0.7144998929106894
0.4588054418563843,0.4477500915527344,0.5107733607292175,0.564983606338501,0.4811528822055131,0.354006522245515,0.3856951871657764,0.4430165869446238
0.3271874785423279,0.7673712372779846,0.5766328573226929,0.41161829233169556,0.2828571428571428,0.7870370370370371,0.6580882352941176,0.2647247804669101
0.6658884286880493,0.34068596363067627,0.6557965874671936,0.29220494627952576,0.7142857142857143,0.4259259259259259,0.7794117647058824,0.2210323409723718
0.46503394842147827,0.6464220881462097,0.47476211190223694,0.3353854715824127,0.3514285714285714,0.5216049382716049,0.2352941176470588,0.3803812379524536
0.5561511516571045,0.3002600371837616,0.4286012649536133,0.2650783658027649,0.5914285714285714,0.3734567901234568,0.4411764705882353,0.3418290854572722
0.6152961254119873,0.46265989542007446,0.5161625742912292,0.35470661520957947,0.7685714285714286,0.4012345679012346,0.4595588235294117,0.2955665024630551
0.7701196670532227,0.6074686050415039,0.7073038220405579,0.5185863375663757,0.6771428571428572,0.7530864197530864,0.7352941176470589,0.5602912829299652
0.5313893556594849,0.3688639998435974,0.33283546566963196,0.57474285364151,0.4857142857142857,0.4444444444444444,0.4777077497665741,0.4675091025915626
0.5872844457626343,0.5808734893798828,0.7307658195495605,0.25437575578689575,0.5971428571428572,0.6065549676660781,0.8345588235294118,0.2081816234739777
0.7644008994102478,0.44140464067459106,0.6353931427001953,0.49691081047058105,0.76,0.441358024691358,0.6607142857142847,0.4780466909402454
0.25383496284484863,0.8062295317649841,0.6169224381446838,0.3329222798347473,0.2142857142857142,0.808641975308642,0.7647058823529411,0.3726708074534172
0.42890244722366333,0.4483274221420288,0.3465535342693329,0.39715391397476196,0.4342857142857143,0.3611111111111111,0.5073529411764706,0.2210323409723718
0.7360804677009583,0.4601260721683502,0.5775632262229919,0.35560742020606995,0.7628571428571429,0.4938271604938271,0.6029411764705882,0.3906618119511681
0.3413583040237427,0.5050223469734192,0.544395923614502,0.4909254312515259,0.2457142857142857,0.2685185185185185,0.5367647058823529,0.3829513814521316
0.4574737250804901,0.43813270330429077,0.37059757113456726,0.3587118089199066,0.3428571428571428,0.4372427983539101,0.4926470588235294,0.3084172199614484
0.4084106683731079,0.34713178873062134,0.4768994450569153,0.5082460641860962,0.3285714285714285,0.2407407407407407,0.4301470588235294,0.4266438209466707
0.6134968996047974,0.4848286509513855,0.41042059659957886,0.2896164059638977,0.5571428571428572,0.4166666666666667,0.5036764705882353,0.1979010494752624
0.49815917015075684,0.3318401575088501,0.4854636490345001,0.30093812942504883,0.5714285714285714,0.3364197530864197,0.4154411764705882,0.2852859284643398
0.5322741270065308,0.46007803082466125,0.46916210651397705,0.18515345454216003,0.5371428571428571,0.4506172839506173,0.5147058823529411,0.1747697579781539
0.21590448915958405,0.5125066637992859,0.27727994322776794,0.6629703044891357,0.1828571428571428,0.5771604938271605,0.3713235294117647,0.5911330049261102
0.6330298781394958,0.4552850127220154,0.47156429290771484,0.34073513746261597,0.52,0.345679012345679,0.4030112044817929,0.3675305204540595
0.36961859464645386,0.5255181193351746,0.4318154752254486,0.3379950225353241,0.3257142857142857,0.5462962962962963,0.4595588235294117,0.3521096594559874
0.474666953086853,0.4431675970554352,0.45432984828948975,0.2018270194530487,0.5257142857142857,0.4290123456790123,0.4595588235294117,0.2364532019704439
0.13700056076049805,0.6414613127708435,0.5315998792648315,0.5441626310348511,0.1428571428571428,0.4876543209876543,0.2830882352941176,0.5294495609338202
0.4885203242301941,0.439079612493515,0.42365291714668274,0.4076845943927765,0.5028571428571429,0.4351851851851852,0.4411764705882353,0.3521096594559874
0.6233178377151489,0.8785974979400635,0.7753901481628418,0.35736408829689026,0.4371428571428571,0.8703703703703703,0.8198529411764706,0.4215035339473131
0.7974374890327454,0.5390764474868774,0.5585205554962158,0.3319675028324127,0.86,0.5679012345679012,0.5477941176470589,0.3109873634611272
0.5177606344223022,0.4096948206424713,0.4080664813518524,0.34725168347358704,0.5942857142857143,0.3981481481481481,0.3566176470588235,0.282715784964661
0.5140849351882935,0.6614762544631958,0.6144472360610962,0.3374704420566559,0.5685714285714286,0.4722222222222222,0.6433823529411765,0.1953309059755845
0.38878965377807617,0.49186673760414124,0.40919023752212524,0.4102865159511566,0.4,0.5370370370370371,0.5,0.2852859284643398
0.5907543301582336,0.6779904365539551,0.5169615149497986,0.18052078783512115,0.5885714285714285,0.7623456790123457,0.5625,0.1490683229813665
0.4727071523666382,0.6626797914505005,0.5246797204017639,0.45108821988105774,0.4171428571428571,0.6234567901234568,0.5,0.3649603769543807
0.5489726662635803,0.3678019642829895,0.37418708205223083,0.3081498146057129,0.4771428571428571,0.5524691358024691,0.5404411764705882,0.4472049689441005
0.09787756949663162,0.7526648044586182,0.5805448293685913,0.5448105931282043,0.2657142857142857,0.7790025475210667,0.5882352941176471,0.532019704433499
0.4784253239631653,0.4884616434574127,0.44907769560813904,0.6421194076538086,0.4142857142857143,0.5720654516950814,0.8014705882352942,0.6065538659241823
0.5727171897888184,0.4550425410270691,0.48544079065322876,0.30067944526672363,0.4914285714285714,0.4475308641975308,0.5110294117647058,0.4369243949453851
0.5358756184577942,0.22155362367630005,0.4797738492488861,0.3970021605491638,0.5464516129032264,0.2020870076425639,0.4375,0.4626258299421725
0.5801505446434021,0.4185733199119568,0.7117836475372314,0.28548911213874817,0.5371428571428571,0.3518518518518518,0.7683823529411765,0.344399228956951
0.47302892804145813,0.39975646138191223,0.3749437928199768,0.33378708362579346,0.5057142857142857,0.3209876543209876,0.2316176470588235,0.3495395159563086
0.5864468216896057,0.7809292078018188,0.5405744910240173,0.19305777549743652,0.6171428571428571,0.6944444444444444,0.5477941176470589,0.1824801884771903
0.5473393797874451,0.4319666028022766,0.626771092414856,0.40999141335487366,0.5457142857142857,0.3888888888888889,0.5404411764705882,0.3932319554508469
0.5048738718032837,0.45432013273239136,0.46140140295028687,0.4635017216205597,0.6028571428571429,0.3179012345679012,0.2977941176470588,0.2801456414649822
0.6265074610710144,0.47752243280410767,0.42909371852874756,0.3834186792373657,0.5942857142857143,0.4771807326452129,0.3614995178399224,0.3958020989505257
0.22752736508846283,0.5530493259429932,0.41150394082069397,0.4902920722961426,0.2142857142857142,0.5154320987654321,0.4080882352941176,0.4317841079460283
0.29150715470314026,0.6094144582748413,0.4659462869167328,0.4243783950805664,0.1857142857142857,0.7962962962962963,0.5955882352941176,0.2647247804669101
0.6241997480392456,0.38807815313339233,0.5681079626083374,0.46324974298477173,0.6457142857142857,0.6481481481481481,0.7578197945845012,0.3726708074534172
0.4417375326156616,0.3240683972835541,0.3158857524394989,0.5069267153739929,0.5138641686182674,0.5128010524185382,0.5046111665004989,0.5020346969372467
0.061916615813970566,0.49890366196632385,0.6345900893211365,0.20919717848300934,0.0428571428571428,0.132716049382716,0.7757352941176471,0.2672949239665889
0.6639928221702576,0.5422747731208801,0.566959798336029,0.19163461029529572,0.6685714285714286,0.6296296296296297,0.5330882352941176,0.1927607624759056
0.5878615379333496,0.3601759076118469,0.4233558773994446,0.3059239983558655,0.5371428571428571,0.3209876543209876,0.4852941176470588,0.3007067894624127
0.22401267290115356,0.42097610235214233,0.41781920194625854,0.3132432997226715,0.1914285714285714,0.5154320987654321,0.5330882352941176,0.3161276504604848
0.5400572419166565,0.3007170557975769,0.39563262462615967,0.5828689336776733,0.5468384074941459,0.4350839910949195,0.4348555211558306,0.5717498393660325
0.5859943628311157,0.48707836866378784,0.5617747902870178,0.31695109605789185,0.5285714285714286,0.4968155986674509,0.4117647058823529,0.3778110944527748
0.9281226992607117,0.7611109018325806,0.7524445652961731,0.37959012389183044,0.9857142857142858,0.8179012345679012,0.8639705882352942,0.3032769329620907
0.5104052424430847,0.5313827991485596,0.741315484046936,0.35685980319976807,0.4771428571428571,0.5833333333333334,0.7352941176470589,0.3058470764617696
0.6139914393424988,0.5273659229278564,0.5336823463439941,0.37988656759262085,0.56,0.5740740740740741,0.3676470588235294,0.2801456414649822
0.34328606724739075,0.7202653884887695,0.7057151198387146,0.1688736230134964,0.4285714285714285,0.7438271604938271,0.7683823529411765,0.1901906189762268
0.4780420958995819,0.4226061999797821,0.3368321359157562,0.45482680201530457,0.5771428571428572,0.2993827160493827,0.4254201680672259,0.3572499464553442
0.2982074022293091,0.5632151961326599,0.4293653666973114,0.5540008544921875,0.1629478458049883,0.4184303350970014,0.3918067226890752,0.6579567359177602
0.4882604777812958,0.3059876263141632,0.42750084400177,0.26374247670173645,0.4657142857142857,0.3888888888888889,0.4191176470588235,0.3212679374598424
0.5704881548881531,0.4740184545516968,0.5682931542396545,0.6557888388633728,0.54,0.4309719772682726,0.6383053221288518,0.8687085028914103
0.547113299369812,0.5049094557762146,0.41540002822875977,0.31166863441467285,0.5685714285714286,0.3919753086419753,0.3088235294117647,0.2621546369672313
0.8320518136024475,0.45769327878952026,0.5069560408592224,0.22010785341262817,0.9,0.6049382716049383,0.6764705882352942,0.282715784964661
0.5892363786697388,0.44251060485839844,0.4992589056491852,0.3475925922393799,0.7231292517006792,0.7129629629629629,0.4742647058823529,0.3906618119511681
0.4942615032196045,0.5125007033348083,0.6025805473327637,0.46520665287971497,0.4628571428571428,0.7654320987654321,0.7830882352941176,0.5114585564360693
0.626602828502655,0.5799952149391174,0.6483611464500427,0.21151477098464966,0.5114285714285715,0.6512345679012346,0.6213235294117647,0.2184621974726929
0.5543400645256042,0.36578986048698425,0.3408598303794861,0.42690330743789673,0.543174603174603,0.2993827160493827,0.3544584500466847,0.3341186549582358
0.0735781341791153,0.8039308786392212,0.7773783206939697,0.4625261723995209,0.0685714285714285,0.8024691358024691,0.7720588235294118,0.3212679374598424
0.5840054154396057,0.3658674657344818,0.5103381276130676,0.6753016114234924,0.3914285714285714,0.904320987654321,0.6392237222757952,0.786463910901693
0.35612696409225464,0.4261053502559662,0.6782122850418091,0.7225351333618164,0.5485714285714286,0.3672839506172839,0.8398023143683693,0.6787837608289442
0.8065697550773621,0.419855535030365,0.6978008151054382,0.2967957854270935,0.9171428571428571,0.5123456790123457,0.7242647058823529,0.2570143499678737
0.6402420997619629,0.5749022960662842,0.7359004020690918,0.5313795208930969,0.7085714285714285,0.8333333333333334,0.8235294117647058,0.4934675519383176
0.5129238963127136,0.5192746520042419,0.5900360941886902,0.5672541260719299,0.6128344671201811,0.4166666666666667,0.4739729225023341,0.5602912829299652
0.4880186915397644,0.49711742997169495,0.5170895457267761,0.44204387068748474,0.46,0.5061728395061729,0.5477941176470589,0.3598200899550231
0.614399254322052,0.3815635144710541,0.3906216621398926,0.5760235786437988,0.4685714285714286,0.242847344699196,0.2573529411764705,0.3701924547930126
0.9273607134819031,0.6215999126434326,0.6742271780967712,0.31429317593574524,0.9228571428571428,0.691358024691358,0.6948529411764706,0.3983722424502045
0.5978372097015381,0.49024179577827454,0.4766465723514557,0.19626696407794952,0.5285714285714286,0.5061728395061729,0.5441176470588235,0.2030413364746201
0.7033752799034119,0.9323543906211853,0.7125198245048523,0.5411651730537415,0.8571428571428571,0.9814814814814816,0.8272058823529411,0.5705718569286797
0.4870969355106354,0.40238845348358154,0.5766665935516357,0.21490280330181122,0.5771428571428572,0.3302469135802469,0.6681839402427646,0.2647247804669101
0.598633348941803,0.6161531805992126,0.5770891904830933,0.36383339762687683,0.7485714285714286,0.5216049382716049,0.3786764705882353,0.2030413364746201
